id,topic0,topic1,topic2,topic3,topic4,topic5,topic6,topic7,topic8,topic9
0,0,0,0,0,0,0,0,0,0.17838421,0.81525904
1,0.01667941,0.016678693,0.016680315,0.84988576,0.016679782,0.016678436,0.016680304,0.01667877,0.01667922,0.016679302
2,0,0,0,0.3649752,0,0,0.630102,0,0,0
3,0.011124153,0.011123439,0.011125705,0.011123979,0.011124425,0.011123866,0.011124565,0.899882,0.011124018,0.011123857
4,0.99490416,0,0,0,0,0,0,0,0,0
5,0,0,0,0,0.7945614,0,0,0,0,0.1992741
6,0,0.07980315,0,0,0.8528571,0,0,0,0,0.06358068
7,0.016688898,0.016689632,0.016689101,0.016688129,0.84980196,0.01668823,0.016688867,0.016688466,0.016688064,0.016688664
8,0,0,0,0,0,0,0,0,0.9859284,0
9,0,0,0,0.56174654,0,0,0.4322682,0,0,0
10,0,0,0,0,0,0,0,0,0.94371355,0
11,0,0,0,0,0.67640895,0,0,0,0,0.31999278
12,0,0,0,0,0.20487636,0,0,0,0,0.7903803
13,0,0,0,0.30455488,0,0.68918824,0,0,0,0
14,0.0646722,0,0,0,0.92902434,0,0,0,0,0
15,0,0,0,0,0,0,0.98713243,0,0,0
16,0.01430222,0.014299208,0.0143013345,0.014300644,0.014302789,0.014300288,0.014299865,0.014302777,0.8712887,0.014302115
17,0,0,0,0,0,0,0,0,0.9915777,0
18,0,0,0,0,0.020332644,0,0,0,0,0.97131616
19,0,0,0.98266697,0,0,0,0,0,0,0
20,0,0,0,0,0,0,0,0,0,0.92493534
21,0.011132031,0.011131533,0.011131591,0.011131533,0.0111318445,0.011131561,0.011131544,0.011131546,0.011131616,0.8998152
22,0,0,0.27167928,0,0.42070544,0,0,0,0.30244237,0
23,0,0,0.996581,0,0,0,0,0,0,0
24,0,0,0,0,0,0,0.9943341,0,0,0
25,0.020023188,0.02001861,0.020023393,0.020019557,0.020019677,0.020019213,0.020019138,0.81981754,0.020019555,0.02002014
26,0,0,0,0,0,0,0,0,0,0.939897
27,0,0.6700391,0,0,0,0,0,0,0.32529977,0
28,0,0,0,0,0.9624674,0,0,0,0,0
29,0,0,0,0.119631186,0,0,0,0,0,0.8721989
30,0,0,0,0,0.9946385,0,0,0,0,0
31,0.47574103,0,0,0,0,0,0,0.5190244,0,0
32,0.016684296,0.016682964,0.016684143,0.8498411,0.01668538,0.01668828,0.016683474,0.01668256,0.016683139,0.016684646
33,0,0,0.99581176,0,0,0,0,0,0,0
34,0.3190409,0,0,0,0,0,0,0,0.6751105,0
35,0.014297412,0.014295725,0.014296123,0.01429632,0.014297181,0.01429698,0.014297138,0.8713301,0.014295828,0.014297219
36,0.7749198,0.025005622,0.025011605,0.025008554,0.02501039,0.025009444,0.025010137,0.02500881,0.025007302,0.0250083
37,0,0,0,0,0,0,0,0,0.99317056,0
38,0.77454704,0.025050223,0.025051259,0.025049735,0.02505034,0.025055692,0.025049074,0.025047654,0.025049577,0.025049385
39,0.033348113,0.03335129,0.033351306,0.03334797,0.033347145,0.033350196,0.033347845,0.03334992,0.033345304,0.69986093
40,0.02005411,0.02005469,0.020054577,0.020054338,0.8195078,0.020054128,0.02005411,0.02005479,0.020054713,0.020056726
41,0,0,0,0,0,0,0,0,0.09122686,0.90081877
42,0,0,0,0,0.9924937,0,0,0,0,0
43,0.021966007,0,0,0,0.9357476,0,0,0,0,0.037736405
44,0,0,0,0,0,0,0,0.91811585,0,0
45,0,0,0,0,0.99289334,0,0,0,0,0
46,0,0,0,0,0.1548515,0,0,0.8407015,0,0
47,0.99322695,0,0,0,0,0,0,0,0,0
48,0,0,0,0,0,0,0.6677415,0,0.3237269,0
49,0,0,0.9227521,0,0.07207516,0,0,0,0,0
50,0,0,0,0,0,0,0,0,0.99195826,0
51,0.97681755,0,0,0,0,0,0,0,0.018944958,0
52,0.9094213,0,0,0.08401457,0,0,0,0,0,0
53,0.036771115,0,0.9557431,0,0,0,0,0,0,0
54,0,0,0.93563175,0,0,0,0,0,0,0
55,0.010010236,0.010009465,0.010011303,0.010011381,0.010010198,0.010012327,0.010009791,0.0100101195,0.010009981,0.9099052
56,0.010014222,0.010013847,0.010013969,0.010014008,0.010014062,0.0100140665,0.010014255,0.010014197,0.90987325,0.010014145
57,0.8865694,0,0.104998596,0,0,0,0,0,0,0
58,0,0,0,0.94992703,0,0,0,0,0,0
59,0.7122848,0,0,0,0.20854516,0,0,0,0,0.075118765
60,0,0,0,0,0,0,0,0,0.9874839,0
61,0,0,0,0,0,0.96083605,0,0,0,0
62,0.9180916,0,0,0,0,0,0,0,0,0
63,0,0,0.9896483,0,0,0,0,0,0,0
64,0.695934,0,0.11520918,0,0,0,0.18447651,0,0,0
65,0,0,0,0,0,0.91809195,0,0,0,0
66,0.033383466,0.033380885,0.6995602,0.03338174,0.033383027,0.03338249,0.03338229,0.03338191,0.033381283,0.03338274
67,0,0,0.9898773,0,0,0,0,0,0,0
68,0.64776015,0,0,0,0,0.34588253,0,0,0,0
69,0.036471643,0,0,0,0,0,0.9587346,0,0,0
70,0.9899915,0,0,0,0,0,0,0,0,0
71,0,0,0,0,0,0.9934699,0,0,0,0
72,0,0,0,0,0.99327254,0,0,0,0,0
73,0.012515062,0.012512117,0.012513831,0.012513069,0.8873808,0.012513388,0.012513202,0.012512525,0.012513402,0.012512646
74,0.014301471,0.014298402,0.014300799,0.014299557,0.014304257,0.014299316,0.8712982,0.014299443,0.014298963,0.014299575
75,0,0,0,0.1812577,0,0.80897003,0,0,0,0
76,0,0,0,0,0,0.9919519,0,0,0,0
77,0,0,0,0,0,0,0,0,0.5995395,0.39535785
78,0.9850227,0,0,0,0,0,0,0,0.01040171,0
79,0.22175828,0,0,0,0.7666139,0,0,0,0,0
80,0,0,0,0,0,0,0,0,0.5508888,0.44124737
81,0.9936121,0,0,0,0,0,0,0,0,0
82,0,0,0,0,0,0,0,0,0,0.9926072
83,0,0,0,0,0.9946356,0,0,0,0,0
84,0,0,0,0,0,0,0,0,0.9878222,0
85,0,0,0,0,0.62254703,0.37065434,0,0,0,0
86,0,0,0.98493254,0,0,0,0,0,0,0
87,0,0,0.9950482,0,0,0,0,0,0,0
88,0,0,0,0,0,0,0,0,0.9947593,0
89,0,0,0.7114709,0,0,0,0,0,0.22343363,0.059038572
90,0,0,0,0,0,0,0,0.98798233,0,0
91,0,0,0.46979603,0,0.50246,0,0,0,0.023331814,0
92,0,0,0,0,0.1625418,0,0,0,0.8340463,0
93,0,0,0.3149094,0.68001544,0,0,0,0,0,0
94,0.025026433,0.025023624,0.77477,0.02502635,0.02502732,0.025024941,0.02502523,0.025024887,0.025025798,0.025025392
95,0,0,0,0,0,0,0.9913337,0,0,0
96,0,0,0,0,0,0,0.8035663,0.18964401,0,0
97,0,0,0,0,0,0.9249417,0,0,0,0
98,0,0,0,0.5296476,0,0,0,0,0.45820734,0
99,0.90996134,0.010003506,0.010003991,0.010004448,0.010004767,0.010003773,0.010003925,0.010004477,0.010005106,0.01000463
100,0,0,0,0,0.25851202,0,0,0,0.73003924,0
101,0,0,0,0,0.1824979,0,0.8102836,0,0,0
102,0.020017238,0.020017732,0.02001795,0.8198429,0.02001837,0.020017738,0.020016836,0.02001629,0.020017833,0.020017164
103,0,0,0,0,0.8195276,0,0,0,0,0.17486835
104,0.20022754,0,0,0,0,0,0,0,0.7927362,0
105,0.72219867,0,0,0,0.27176818,0,0,0,0,0
106,0,0,0.98570454,0,0,0,0,0,0,0
107,0,0,0,0,0,0,0,0,0,0.9872164
108,0,0,0.57856774,0,0,0,0,0.4162937,0,0
109,0,0,0,0,0,0,0,0.93566847,0,0
110,0.9917981,0,0,0,0,0,0,0,0,0
111,0,0,0.15927888,0,0.8175126,0,0.019419251,0,0,0
112,0,0,0,0.1628995,0,0,0.8321522,0,0,0
113,0,0,0.9914229,0,0,0,0,0,0,0
114,0,0,0,0,0,0.040247146,0,0,0.95477647,0
115,0.010013416,0.010013489,0.010013596,0.9098755,0.010013566,0.010014466,0.010014992,0.010013021,0.0100143645,0.01001358
116,0,0,0.30784538,0.68054384,0,0,0,0,0,0
117,0,0,0,0.08356039,0,0,0.91002214,0,0,0
118,0.22544776,0,0.2052819,0,0,0,0,0.2743037,0,0.2878822
119,0.014292565,0.014289672,0.8713794,0.014291537,0.014291549,0.014291477,0.014291385,0.014291349,0.014290894,0.014290194
120,0,0,0,0,0,0,0,0,0,0.9942238
121,0.011131881,0.011131316,0.8998158,0.011131426,0.011131662,0.0111317495,0.011131429,0.011131541,0.011131362,0.011131806
122,0,0,0,0,0,0.9399433,0,0,0,0
123,0.9099275,0.010008489,0.010007275,0.01000795,0.010007591,0.01000722,0.010007206,0.010007841,0.0100106215,0.010008304
124,0,0,0,0,0,0,0,0,0.93070364,0
125,0,0,0.9726983,0,0,0,0,0,0,0
126,0,0,0,0.22101496,0,0,0,0,0.77147645,0
127,0,0,0,0,0.13403589,0.8615215,0,0,0,0
128,0.014303763,0.014302676,0.014304982,0.014305183,0.014304605,0.014303403,0.014303679,0.014303477,0.8712646,0.014303678
129,0.90592855,0,0,0,0,0.086916216,0,0,0,0
130,0.91808295,0,0,0,0,0,0,0,0,0
131,0,0,0.21493414,0,0,0,0,0,0.77696145,0
132,0.3225214,0,0.66837156,0,0,0,0,0,0,0
133,0,0,0,0,0,0,0,0.9948804,0,0
134,0,0,0,0,0,0,0,0,0,0.9470215
135,0.9361146,0,0,0,0,0,0,0,0.05993744,0
136,0,0,0,0,0.61210793,0,0.3817787,0,0,0
137,0.8036162,0,0,0,0,0,0,0,0,0.1915883
138,0,0,0,0,0,0.9181101,0,0,0,0
139,0,0,0.05074657,0,0.94526815,0,0,0,0,0
140,0.9180989,0,0,0,0,0,0,0,0,0
141,0,0,0,0,0,0.9921614,0,0,0,0
142,0.016687276,0.016682502,0.016686603,0.016684247,0.016684145,0.016683854,0.8498394,0.016685301,0.016683742,0.016682958
143,0,0.013803502,0.34731284,0,0,0,0.63200474,0,0,0
144,0,0,0,0,0,0,0.86494195,0,0,0.1277702
145,0.010008219,0.010006916,0.90992606,0.010008134,0.010008998,0.010007937,0.010008304,0.010007986,0.010008022,0.010009383
146,0,0,0.9941107,0,0,0,0,0,0,0
147,0,0,0.9964903,0,0,0,0,0,0,0
148,0.9699704,0,0,0,0,0,0,0,0,0
149,0,0,0,0,0,0.10900971,0,0,0,0.8859502
150,0,0,0,0,0.9436651,0,0,0,0,0
151,0.33562666,0,0,0,0.47509676,0,0,0,0.18571639,0
152,0,0,0,0,0,0,0,0.9921652,0,0
153,0,0,0,0,0,0,0,0,0,0.9639656
154,0.014298683,0.014298027,0.014301168,0.014298572,0.014298569,0.014298564,0.014298165,0.8713103,0.01429861,0.014299322
155,0.014308318,0.014306369,0.014307986,0.014306698,0.8712365,0.01430777,0.014306777,0.014306322,0.014306877,0.014306408
156,0,0,0,0,0,0.9949391,0,0,0,0
157,0,0,0,0.9951556,0,0,0,0,0,0
158,0,0,0.9249084,0,0,0,0,0,0,0
159,0,0,0.99261343,0,0,0,0,0,0,0
160,0.010013071,0.010013153,0.90988016,0.010013042,0.010013538,0.010013515,0.010013093,0.010012894,0.010013906,0.010013685
161,0.0111198025,0.011119302,0.011120339,0.011119253,0.011122601,0.011119443,0.01112013,0.01111974,0.011120187,0.8999193
162,0.97213113,0,0,0,0.023155196,0,0,0,0,0
163,0,0,0.9947573,0,0,0,0,0,0,0
164,0,0,0,0,0.99248403,0,0,0,0,0
165,0,0,0,0,0,0,0.99754894,0,0,0
166,0.01669199,0.016693272,0.016692689,0.84976524,0.016692614,0.016691951,0.016692013,0.016693043,0.016694088,0.016693072
167,0,0,0,0,0.99216646,0,0,0,0,0
168,0,0,0,0,0.99295664,0,0,0,0,0
169,0,0,0.9946392,0,0,0,0,0,0,0
170,0.1487231,0,0,0,0.4901591,0,0,0,0,0.35559607
171,0,0,0,0,0,0,0,0.9947457,0,0
172,0,0,0.24985512,0,0,0.745321,0,0,0,0
173,0.012516833,0.012516549,0.88735336,0.012514952,0.012516157,0.012515506,0.012516824,0.012516481,0.012517422,0.012515969
174,0.5534608,0,0,0,0,0.44055396,0,0,0,0
175,0,0,0,0,0.074559726,0,0,0.5945731,0,0.32599598
176,0,0,0,0,0,0,0,0,0,0.9921486
177,0,0.99374527,0,0,0,0,0,0,0,0
178,0,0,0.9940618,0,0,0,0,0,0,0
179,0.37566653,0,0,0,0.60763276,0,0,0,0,0
180,0,0,0,0,0.9939521,0,0,0,0,0
181,0.01251663,0.012516946,0.012517036,0.01251664,0.012517583,0.8873478,0.012516535,0.012516717,0.012517137,0.012516955
182,0.61918753,0.2512298,0,0,0,0,0,0,0.12210183,0
183,0.96783286,0,0,0,0,0,0,0,0,0
184,0,0,0,0,0,0,0,0,0.9944694,0
185,0,0.98471737,0,0,0,0,0,0,0,0
186,0.774826,0.02502552,0.025019722,0.025023066,0.025018409,0.025017617,0.025015812,0.025015296,0.02501443,0.02502412
187,0.014294994,0.01429376,0.8713494,0.014295348,0.014294998,0.014294367,0.014294524,0.014293973,0.0142942155,0.014294395
188,0.94125825,0,0,0,0,0.050067637,0,0,0,0
189,0,0,0,0,0,0,0,0,0,0.92494106
190,0.63781434,0,0.3568109,0,0,0,0,0,0,0
191,0,0,0,0,0,0,0,0.7439246,0.086791605,0.16408727
192,0.99278885,0,0,0,0,0,0,0,0,0
193,0,0,0,0.9180546,0,0,0,0,0,0
194,0,0.9899858,0,0,0,0,0,0,0,0
195,0,0,0,0,0,0,0,0,0.989646,0
196,0,0,0.84134656,0,0.09565379,0.056676302,0,0,0,0
197,0,0,0,0,0.8919425,0,0,0,0.04186518,0.061392404
198,0,0,0,0,0,0,0.98161674,0,0,0
199,0,0,0,0,0,0,0.94994754,0,0,0
200,0.0100127375,0.010012756,0.010014859,0.010014027,0.9098791,0.010013272,0.010013765,0.010012981,0.010013226,0.0100132115
201,0,0,0.5755333,0,0,0,0,0,0,0.42104337
202,0,0,0,0.63691306,0.18879853,0,0.16491416,0,0,0
203,0,0.99165905,0,0,0,0,0,0,0,0
204,0,0,0,0.992484,0,0,0,0,0,0
205,0,0.6588567,0.33446276,0,0,0,0,0,0,0
206,0.012509562,0.0125096785,0.8874114,0.0125094075,0.012510572,0.012509182,0.012510421,0.012509736,0.012509997,0.012510033
207,0.20608449,0,0,0.048952553,0,0.02026163,0.721236,0,0,0
208,0.76647943,0.22740142,0,0,0,0,0,0,0,0
209,0,0,0,0.26891163,0,0,0.72571313,0,0,0
210,0.91326094,0,0,0,0.08153488,0,0,0,0,0
211,0,0,0.92303735,0,0,0.06984651,0,0,0,0
212,0,0,0,0,0,0,0,0,0.9836228,0
213,0,0,0,0,0,0,0,0,0.99209636,0
214,0,0,0,0.38102007,0,0,0.5267496,0,0,0.08819759
215,0,0,0,0,0,0,0,0,0,0.99267524
216,0.012520428,0.012518894,0.012519752,0.0125196,0.88732374,0.012519246,0.0125206215,0.012519184,0.012519606,0.01251892
217,0,0,0,0,0,0.9249539,0,0,0,0
218,0,0,0,0,0.9922331,0,0,0,0,0
219,0,0,0.99519455,0,0,0,0,0,0,0
220,0,0,0.9946072,0,0,0,0,0,0,0
221,0.5759212,0.39148495,0,0,0,0,0,0,0,0.024338722
222,0,0,0,0,0,0,0,0.9885905,0,0
223,0.014300383,0.014300175,0.014300318,0.014300555,0.014301413,0.014300126,0.014300252,0.87129575,0.0143006,0.014300442
224,0,0,0,0.06828159,0.9187811,0,0,0,0,0
225,0.09127172,0,0,0,0,0,0,0.15577799,0,0.74833447
226,0,0,0,0,0,0,0,0,0.9940686,0
227,0,0,0.96894187,0,0,0,0,0,0,0
228,0.02502111,0.77480507,0.025019888,0.02501965,0.025020685,0.02502231,0.025019335,0.02502,0.025030129,0.025021821
229,0,0,0,0,0,0.7230753,0,0.2731996,0,0
230,0.98938555,0,0,0,0,0,0,0,0,0
231,0.806653,0,0.1883412,0,0,0,0,0,0,0
232,0,0,0,0,0,0,0,0,0.9947009,0
233,0.8233701,0,0,0,0.054115195,0,0.114896506,0,0,0
234,0,0,0,0,0,0,0,0,0.9909765,0
235,0.014299901,0.01429803,0.014300142,0.014300218,0.87130636,0.014298626,0.014299427,0.014298991,0.014299367,0.0142989
236,0,0,0,0.9356716,0,0,0,0,0,0
237,0,0,0,0,0,0.9181276,0,0,0,0
238,0.011120034,0.011120103,0.011120424,0.0111199375,0.011120423,0.011119778,0.011119586,0.011120293,0.8999197,0.011119773
239,0.02002439,0.020023046,0.020023208,0.0200223,0.020022564,0.02002283,0.020022519,0.81979275,0.020023484,0.020022934
240,0.99290603,0,0,0,0,0,0,0,0,0
241,0,0,0,0.99545217,0,0,0,0,0,0
242,0,0,0,0,0.17239077,0,0.8166236,0,0,0
243,0,0,0,0,0,0,0,0,0.9927959,0
244,0,0,0,0,0,0,0.9946911,0,0,0
245,0,0,0.058687124,0,0,0.9357484,0,0,0,0
246,0,0,0,0,0.990975,0,0,0,0,0
247,0,0,0,0,0,0,0,0,0,0.9912565
248,0.9897626,0,0,0,0,0,0,0,0,0
249,0,0,0,0.94371694,0,0,0,0,0,0
250,0.01250782,0.012506647,0.012506629,0.012507625,0.0125068035,0.012506683,0.012506392,0.012507131,0.012509559,0.8874347
251,0,0,0.0381724,0,0.95556897,0,0,0,0,0
252,0,0,0.044603202,0,0.013433573,0,0,0,0.9386193,0
253,0,0,0,0,0.99413735,0,0,0,0,0
254,0,0.93995756,0,0,0,0,0,0,0,0
255,0.05211681,0,0,0,0,0,0.066258915,0.87618315,0,0
256,0,0.15077433,0.29314318,0,0,0,0,0,0,0.55453825
257,0.99547136,0,0,0,0,0,0,0,0,0
258,0.012515981,0.01251279,0.012514074,0.012513971,0.88737494,0.012513713,0.012513773,0.012513543,0.012513567,0.01251367
259,0.758432,0,0,0,0.232137,0,0,0,0,0
260,0,0,0,0,0,0,0.9951798,0,0,0
261,0,0,0,0,0,0.99290866,0,0,0,0
262,0.6994125,0.03339681,0.033399265,0.033399995,0.03339681,0.03339681,0.033400595,0.033401,0.03339681,0.03339938
263,0,0,0,0,0,0,0,0,0,0.9570792
264,0.9946053,0,0,0,0,0,0,0,0,0
265,0,0,0,0,0,0,0.68621004,0.30583972,0,0
266,0,0,0,0.9919601,0,0,0,0,0,0
267,0,0,0.99332654,0,0,0,0,0,0,0
268,0.011120829,0.011118816,0.011120676,0.011119734,0.8999179,0.011120067,0.01111977,0.011121051,0.011120278,0.011120834
269,0.9918085,0,0,0,0,0,0,0,0,0
270,0,0,0,0.8351981,0,0,0,0.1586837,0,0
271,0.01668729,0.016685583,0.01668667,0.016685618,0.016686805,0.849821,0.016686598,0.01668775,0.016686449,0.016686272
272,0,0,0,0.994223,0,0,0,0,0,0
273,0,0,0.9946263,0,0,0,0,0,0,0
274,0,0.19633768,0,0,0.24581335,0,0.55340403,0,0,0
275,0,0,0,0.9946059,0,0,0,0,0,0
276,0.08635624,0,0.9048983,0,0,0,0,0,0,0
277,0,0,0,0,0.99387306,0,0,0,0,0
278,0.9956485,0,0,0,0,0,0,0,0,0
279,0,0,0.99242884,0,0,0,0,0,0,0
280,0.37626463,0,0,0,0.6196042,0,0,0,0,0
281,0,0,0,0,0,0,0,0,0.9919525,0
282,0,0,0,0,0,0,0,0,0,0.99133134
283,0,0,0,0,0.9890134,0,0,0,0,0
284,0,0,0,0,0.1145866,0,0.871844,0,0,0
285,0,0,0,0,0,0.19284528,0,0,0,0.80108607
286,0,0,0.9905102,0,0,0,0,0,0,0
287,0,0,0,0,0,0,0.9895237,0,0,0
288,0.014312218,0.014311121,0.8711949,0.01431107,0.014312268,0.014312156,0.014311253,0.014312447,0.014311107,0.014311498
289,0,0,0,0,0,0,0,0,0.9934694,0
290,0.9399445,0,0,0,0,0,0,0,0,0
291,0,0,0,0,0,0,0,0,0.9780365,0
292,0.57712656,0,0,0,0.28163442,0,0,0.13524942,0,0
293,0,0,0,0.4059081,0,0,0.5826544,0,0,0
294,0,0,0,0,0,0,0.9949346,0,0,0
295,0.01001273,0.010011714,0.9098865,0.010012208,0.010013909,0.010012076,0.010013317,0.010012875,0.010011844,0.010012873
296,0,0,0,0,0,0,0,0.7781935,0.21386822,0
297,0,0,0,0,0,0,0,0,0,0.9966113
298,0,0,0.99481255,0,0,0,0,0,0,0
299,0,0,0,0,0,0,0.9948171,0,0,0
300,0,0,0,0,0,0,0,0.9306463,0,0
301,0,0,0,0,0.9949584,0,0,0,0,0
302,0,0,0.99399054,0,0,0,0,0,0,0
303,0,0,0,0.99079573,0,0,0,0,0,0
304,0,0.25219765,0.44026342,0,0.3054599,0,0,0,0,0
305,0,0,0,0.68133837,0,0,0.3072218,0,0,0
306,0,0,0,0,0,0.9819914,0,0,0,0
307,0.01000638,0.010004926,0.01000525,0.010006126,0.010005532,0.90994895,0.0100052655,0.010005978,0.01000609,0.010005496
308,0,0,0,0,0,0,0,0,0.99351853,0
309,0,0,0,0,0,0.9918827,0,0,0,0
310,0,0,0,0,0,0,0,0,0.98083216,0
311,0,0,0,0,0.99496,0,0,0,0,0
312,0.7967174,0,0.19797666,0,0,0,0,0,0,0
313,0,0,0,0,0.34755468,0,0.64752626,0,0,0
314,0.014307285,0.0143060265,0.01430986,0.014306338,0.87123674,0.014306692,0.014306477,0.014307231,0.014306226,0.014307128
315,0,0,0.9678387,0,0,0,0,0,0,0
316,0.012512218,0.012510392,0.012512423,0.012511368,0.012512292,0.012513109,0.012512009,0.012511547,0.012511763,0.88739294
317,0.69680315,0,0,0,0,0.28648138,0,0,0,0
318,0,0,0,0,0.67075735,0,0,0,0.32214862,0
319,0.010009294,0.909916,0.010009134,0.010009491,0.010010597,0.010008123,0.010009384,0.010009236,0.010008949,0.010009799
320,0,0,0.81319594,0,0,0.18131796,0,0,0,0
321,0,0,0,0,0,0,0.98912126,0,0,0
322,0,0,0.86039317,0,0.08234186,0,0,0.052822378,0,0
323,0,0,0,0,0,0,0,0,0,0.99378926
324,0.29573807,0,0,0,0,0.09063772,0,0,0,0.6105348
325,0.010011333,0.010009712,0.010010927,0.010010052,0.9099055,0.010010203,0.010010913,0.010010848,0.0100104315,0.010010071
326,0,0,0,0,0.014325392,0.9809921,0,0,0,0
327,0,0,0.045199722,0,0,0.95122236,0,0,0,0
328,0,0,0.10419969,0.8909161,0,0,0,0,0,0
329,0,0,0,0,0.05173189,0,0,0,0,0.9451015
330,0,0,0,0,0,0,0,0,0.98655623,0
331,0,0,0,0,0.49947032,0,0.49554834,0,0,0
332,0,0,0.80653465,0,0,0,0,0.18843709,0,0
333,0.63339734,0,0,0,0.039706968,0.32211345,0,0,0,0
334,0,0,0,0.9946024,0,0,0,0,0,0
335,0.016686277,0.016687011,0.016686229,0.016687764,0.016686292,0.8498187,0.016686717,0.016686967,0.016686717,0.016687302
336,0,0,0.9830043,0,0,0,0,0,0,0
337,0,0,0,0,0,0,0,0.99429774,0,0
338,0.4681082,0,0,0.36613724,0,0,0,0,0,0.16239218
339,0,0.98299664,0,0,0,0,0,0,0,0
340,0,0,0,0,0,0,0,0,0,0.9874864
341,0,0,0,0,0,0.98845106,0,0,0,0
342,0.025019005,0.025016326,0.025019838,0.025016896,0.02501901,0.025017535,0.025017126,0.774839,0.025016693,0.025018606
343,0,0,0.51359886,0.48148638,0,0,0,0,0,0
344,0.871291,0.014300867,0.014300963,0.0143006155,0.014301885,0.014301666,0.014301325,0.014300392,0.014300598,0.01430071
345,0.016702078,0.016701598,0.84968394,0.016701795,0.016701957,0.016701508,0.016701382,0.016702076,0.016701847,0.016701752
346,0,0,0,0,0.9181004,0,0,0,0,0
347,0.88739467,0.012510515,0.012513145,0.012512087,0.012511392,0.012510713,0.01251243,0.012512165,0.012511406,0.012511526
348,0,0,0,0.96887225,0,0,0,0,0,0
349,0.05006737,0.5493937,0.05006737,0.05006737,0.05006737,0.05006737,0.05006737,0.05006737,0.05006737,0.05006737
350,0.014306711,0.014308592,0.014306537,0.014306015,0.014306083,0.014307028,0.014306782,0.014306568,0.8712373,0.014308395
351,0,0,0,0.2102078,0.09896039,0,0,0,0,0.6848376
352,0,0,0.95263475,0,0,0,0,0,0.04033927,0
353,0,0,0,0,0,0,0.65781134,0.30575287,0,0
354,0,0.22131877,0.77303576,0,0,0,0,0,0,0
355,0,0,0,0,0.94313836,0,0,0,0.05306426,0
356,0,0,0,0.8316371,0,0,0.13984944,0,0,0.020106014
357,0.2835228,0,0.07941934,0,0.12328374,0,0,0,0.0722758,0.4395
358,0.01668673,0.016685488,0.016685138,0.016686019,0.016685404,0.01668547,0.016686482,0.8498282,0.016685508,0.016685523
359,0,0,0,0,0,0.15310797,0,0,0,0.84009343
360,0,0,0.95137453,0,0,0,0.04289825,0,0,0
361,0.93070126,0,0,0,0,0,0,0,0,0
362,0,0,0,0,0.46303368,0,0,0.53107023,0,0
363,0.98611844,0,0,0,0,0,0,0,0,0
364,0,0,0,0,0,0,0,0,0,0.9927919
365,0,0,0.9045804,0,0.08806801,0,0,0,0,0
366,0,0,0,0,0,0,0,0.9919589,0,0
367,0.8846415,0,0,0,0,0,0,0,0,0.11015617
368,0,0,0,0,0,0,0,0,0.99498564,0
369,0,0,0,0,0.9836088,0,0,0,0,0
370,0,0,0,0,0,0,0.9865079,0,0,0
371,0,0,0,0,0,0,0,0,0.9957517,0
372,0.10763308,0,0.14627643,0,0.5790333,0,0,0,0.16342525,0
373,0.6044261,0,0,0,0,0.39059836,0,0,0,0
374,0.9873104,0,0,0,0,0,0,0,0,0
375,0,0,0,0.99236274,0,0,0,0,0,0
376,0.9947338,0,0,0,0,0,0,0,0,0
377,0,0,0,0,0,0.89025253,0,0,0.1032365,0
378,0,0,0.16023749,0,0,0,0,0,0,0.8349971
379,0,0,0,0,0,0,0.9249494,0,0,0
380,0,0,0,0.99592334,0,0,0,0,0,0
381,0,0,0,0.99202806,0,0,0,0,0,0
382,0,0,0.967828,0,0,0,0,0,0,0
383,0,0,0,0.1434383,0,0,0,0,0.44596788,0.4043742
384,0,0,0,0,0,0,0,0.99548656,0,0
385,0,0,0.99312544,0,0,0,0,0,0,0
386,0.01241233,0,0,0,0,0,0.61715233,0,0,0.36682191
387,0,0.97093004,0,0,0,0,0,0,0,0
388,0,0,0.9678387,0,0,0,0,0,0,0
389,0.025027879,0.7747434,0.0250287,0.025028238,0.025028033,0.025028462,0.025027959,0.025027849,0.025031643,0.025027849
390,0,0,0,0,0,0,0,0,0.95258284,0
391,0,0,0,0,0.16750318,0,0,0,0.82842946,0
392,0,0,0,0,0,0.9306982,0,0,0,0
393,0.8197373,0.020028362,0.02002939,0.020028753,0.020030223,0.020029346,0.020030566,0.020029059,0.020028386,0.020028595
394,0,0,0,0,0.9897629,0,0,0,0,0
395,0,0,0,0,0,0,0.9954021,0,0,0
396,0,0,0.99454075,0,0,0,0,0,0,0
397,0,0,0,0,0,0,0,0.9924308,0,0
398,0,0,0,0,0.30734637,0,0,0,0.6842155,0
399,0,0,0,0,0.99599427,0,0,0,0,0
400,0,0,0.2589581,0,0.7345561,0,0,0,0,0
401,0,0,0.67753696,0,0,0,0,0,0,0.31732076
402,0.9931234,0,0,0,0,0,0,0,0,0
403,0.02502857,0.02502532,0.77475303,0.025026679,0.02502703,0.025026571,0.0250279,0.025025705,0.025025453,0.025033766
404,0.98974913,0,0,0,0,0,0,0,0,0
405,0,0,0.9911556,0,0,0,0,0,0,0
406,0,0,0,0,0,0,0,0.9920987,0,0
407,0,0,0,0,0.17846835,0,0,0,0,0.81516993
408,0.0111301495,0.011133298,0.8998219,0.0111298775,0.011130697,0.011130598,0.011131058,0.011131739,0.011129849,0.011130818
409,0.8998781,0.011124055,0.01112446,0.011124381,0.011125314,0.011124527,0.011124004,0.011125591,0.011124494,0.0111251045
410,0,0,0,0.5153337,0.4807357,0,0,0,0,0
411,0.1142849,0,0,0,0.41718742,0.020559775,0,0,0,0.44343945
412,0.01667835,0.01667703,0.016678495,0.016677717,0.016678538,0.016677808,0.8498979,0.016677767,0.016677493,0.016678894
413,0.016695084,0.016695084,0.016695084,0.016695084,0.016695084,0.8497442,0.016695084,0.016695084,0.016695084,0.016695084
414,0,0,0,0,0.9946378,0,0,0,0,0
415,0,0,0,0,0,0,0,0.91808003,0,0
416,0.19457012,0,0,0.26019984,0.08784303,0,0.45237967,0,0,0
417,0,0,0.95038664,0,0.047206115,0,0,0,0,0
418,0,0,0,0,0,0,0,0,0.9952536,0
419,0.014297913,0.014296577,0.014298855,0.014297789,0.014297494,0.014296993,0.014297228,0.014296063,0.014296354,0.8713248
420,0,0,0.9934218,0,0,0,0,0,0,0
421,0,0,0,0,0.96106696,0,0.035223935,0,0,0
422,0,0.55829185,0,0,0.43117303,0,0,0,0,0
423,0,0,0,0,0,0,0,0,0.99290097,0
424,0.01668004,0.8498788,0.016679477,0.01667948,0.016679779,0.016681023,0.016679283,0.0166794,0.016681628,0.01668108
425,0,0,0,0.8411793,0.15439312,0,0,0,0,0
426,0,0,0,0,0,0,0.9356178,0,0,0
427,0.9884496,0,0,0,0,0,0,0,0,0
428,0.07010405,0,0,0,0,0,0,0,0,0.9246629
429,0,0,0,0,0,0,0,0,0.99229956,0
430,0,0,0.995259,0,0,0,0,0,0,0
431,0,0,0,0,0,0,0,0,0.97854584,0
432,0.9774857,0,0,0,0,0,0,0,0,0
433,0,0,0,0,0.5791762,0,0.41630983,0,0,0
434,0.887331,0.012519231,0.012518845,0.012518541,0.012518193,0.012519229,0.012518521,0.0125175165,0.012518937,0.012519991
435,0.033392403,0.033392403,0.033392403,0.033392403,0.033392403,0.6994684,0.033392403,0.033392403,0.033392403,0.033392403
436,0,0,0,0.3381073,0.65697616,0,0,0,0,0
437,0.69316894,0,0,0,0,0,0,0.301514,0,0
438,0,0,0,0.9888683,0,0,0,0,0,0
439,0.2978647,0,0,0,0,0,0.69556904,0,0,0
440,0.8999103,0.011120434,0.011121571,0.011121222,0.011121644,0.011120897,0.011121265,0.011121124,0.011120687,0.011120868
441,0.0142997205,0.014299166,0.014299065,0.0142994765,0.014299906,0.014298387,0.87130296,0.014300519,0.014301499,0.014299331
442,0.9181244,0,0,0,0,0,0,0,0,0
443,0.8045925,0,0,0,0.19002697,0,0,0,0,0
444,0.029962434,0.011121611,0.01112295,0.011122567,0.011121691,0.011122245,0.011121147,0.8810632,0.011119816,0.011122312
445,0.5860369,0,0,0,0.4094368,0,0,0,0,0
446,0,0,0.3713354,0.2852609,0.3387807,0,0,0,0,0
447,0,0,0,0,0,0,0,0,0.9928457,0
448,0,0,0.67928827,0,0.31489345,0,0,0,0,0
449,0,0,0,0,0,0.9470045,0,0,0,0
450,0,0,0,0,0,0,0,0,0.9249467,0
451,0,0,0.99307156,0,0,0,0,0,0,0
452,0.9916582,0,0,0,0,0,0,0,0,0
453,0.016684035,0.016683597,0.0166834,0.016683625,0.016684107,0.016683735,0.016684381,0.01668414,0.849845,0.016683985
454,0,0,0.022787623,0,0.97223336,0,0,0,0,0
455,0.9808265,0,0,0,0,0,0,0,0,0
456,0.21890838,0,0.4477699,0,0.32593945,0,0,0,0,0
457,0,0,0,0,0.99502003,0,0,0,0,0
458,0.8074627,0,0,0,0,0,0,0.18263568,0,0
459,0.010009821,0.010008832,0.010009432,0.010009166,0.010009202,0.9099176,0.01000886,0.010009045,0.0100090075,0.010009036
460,0,0,0,0,0.98144984,0,0,0.013381431,0,0
461,0.79298276,0,0,0,0,0,0,0,0.20151916,0
462,0.0125175845,0.01251616,0.012518634,0.012516655,0.012517161,0.012516989,0.88734746,0.012516392,0.012516528,0.012516457
463,0,0,0,0,0,0,0,0,0.96245295,0
464,0.6492752,0,0,0,0,0,0,0,0.34464437,0
465,0,0,0,0,0.9905179,0,0,0,0,0
466,0,0,0,0,0.9956786,0,0,0,0,0
467,0,0,0,0.99255675,0,0,0,0,0,0
468,0,0,0.052466758,0,0,0,0,0,0.64362997,0.29913792
469,0,0,0.9849689,0,0,0,0,0,0,0
470,0,0,0,0.9249099,0,0,0,0,0,0
471,0,0,0.7468994,0,0.11183518,0,0,0,0.13438374,0
472,0.012517937,0.012517153,0.012518067,0.012517249,0.012517526,0.88734454,0.012516913,0.0125170695,0.012516748,0.012516803
473,0,0,0,0.9931653,0,0,0,0,0,0
474,0,0,0,0,0,0,0,0,0,0.9943562
475,0,0,0.29616353,0,0,0,0.68606865,0,0,0.013916751
476,0,0,0.77259934,0,0.22159229,0,0,0,0,0
477,0,0,0.12893298,0.86866015,0,0,0,0,0,0
478,0.012511685,0.8873934,0.012511807,0.012515999,0.012511296,0.012511568,0.012510975,0.012511308,0.012510615,0.01251131
479,0.28980786,0,0,0,0,0,0,0,0.704548,0
480,0,0,0.9249359,0,0,0,0,0,0,0
481,0,0,0.18703125,0,0,0,0.8100622,0,0,0
482,0,0,0,0.4764338,0,0,0,0,0.5104254,0
483,0,0,0,0,0.9899564,0,0,0,0,0
484,0,0,0,0,0,0,0.99157894,0,0,0
485,0,0,0,0.99518055,0,0,0,0,0,0
486,0.1,0.1,0.1,0.1,0.1,0.1,0.1,0.1,0.1,0.1
487,0.96656877,0,0,0,0,0,0,0,0,0
488,0,0,0,0.99243015,0,0,0,0,0,0
489,0.99360913,0,0,0,0,0,0,0,0,0
490,0,0,0,0.9910814,0,0,0,0,0,0
491,0.010006669,0.90994024,0.010006829,0.010007057,0.010006523,0.010006468,0.010006117,0.010006731,0.0100064175,0.0100069735
492,0,0,0,0,0,0.9920293,0,0,0,0
493,0.8792456,0,0,0,0.114483334,0,0,0,0,0
494,0,0,0,0,0,0.9807995,0,0,0,0
495,0,0,0,0.6199299,0,0,0.37442246,0,0,0
496,0,0,0,0,0,0,0,0,0,0.9248811
497,0,0,0,0.9819872,0,0,0,0,0,0
498,0,0,0,0,0,0,0,0.98613614,0,0
499,0,0,0.22829038,0,0,0,0.3156986,0,0,0.45228907
500,0,0,0,0.9945706,0,0,0,0,0,0
501,0,0,0,0,0,0,0,0,0.9939123,0
502,0,0,0,0.9898657,0,0,0,0,0,0
503,0,0,0,0.98858404,0,0,0,0,0,0
504,0,0,0,0,0,0.9895268,0,0,0,0
505,0,0,0,0.91811883,0,0,0,0,0,0
506,0.014298231,0.014296048,0.014298788,0.0142979715,0.014296995,0.014296623,0.87132454,0.014296687,0.014296421,0.014297718
507,0,0,0.99410284,0,0,0,0,0,0,0
508,0,0,0,0,0.9896433,0,0,0,0,0
509,0,0,0,0.9554533,0,0,0,0,0.04109325,0
510,0.8998767,0.011124084,0.011124562,0.0111246295,0.0111243455,0.011124801,0.011124541,0.011125206,0.011124667,0.011126397
511,0.40894592,0.58564115,0,0,0,0,0,0,0,0
512,0.19740254,0,0.7964852,0,0,0,0,0,0,0
513,0.011120181,0.011118687,0.011120754,0.011119549,0.011120844,0.011119125,0.011119561,0.899922,0.011120362,0.011118983
514,0,0,0,0,0.98655003,0,0,0,0,0
515,0.08521119,0,0,0,0,0,0,0.9092129,0,0
516,0.050119508,0.05011951,0.050119508,0.5489014,0.050119508,0.050119508,0.050119508,0.050119508,0.050119508,0.050142575
517,0,0,0,0,0.10454834,0.89134455,0,0,0,0
518,0.98041207,0,0,0,0,0,0,0,0,0
519,0,0,0,0.01870872,0,0,0,0,0.9714064,0
520,0,0,0.18658186,0,0,0,0.8083479,0,0,0
521,0.025013272,0.025012746,0.025012378,0.025013065,0.025013944,0.025010593,0.025011223,0.025013896,0.025016125,0.7748828
522,0,0.9936974,0,0,0,0,0,0,0,0
523,0,0,0,0,0,0,0,0,0.99373716,0
524,0,0,0,0,0,0.99173045,0,0,0,0
525,0.010011037,0.010010448,0.010011205,0.010011127,0.010011732,0.010011022,0.010010297,0.010010776,0.010010724,0.9099016
526,0,0.6825267,0.21034537,0,0,0,0,0,0.10222372,0
527,0,0,0,0,0,0.99473333,0,0,0,0
528,0.025032977,0.025029037,0.025034057,0.025040166,0.02503573,0.02503077,0.7747045,0.025030544,0.025031267,0.025030946
529,0,0,0,0,0.28210112,0,0.7098866,0,0,0
530,0,0,0,0,0,0,0,0.9929579,0,0
531,0.9249295,0,0,0,0,0,0,0,0,0
532,0,0,0.10425745,0,0,0,0.88943124,0,0,0
533,0,0,0,0,0,0,0,0.9180972,0,0
534,0.03338698,0.03338713,0.03338701,0.03338698,0.033386983,0.033386983,0.033386983,0.6995151,0.03338863,0.03338727
535,0,0,0,0.9942985,0,0,0,0,0,0
536,0.016686099,0.016683884,0.016690642,0.8498207,0.01668665,0.016686179,0.016685283,0.016686374,0.016686982,0.016687226
537,0,0.75927675,0,0,0,0,0,0.23018458,0,0
538,0,0,0.9906169,0,0,0,0,0,0,0
539,0.48832875,0,0,0.3765272,0,0,0,0.11935226,0.011773281,0
540,0.8999083,0.011120747,0.011121485,0.011120942,0.011121706,0.011120941,0.011121889,0.0111222435,0.011120731,0.011120966
541,0.12467613,0,0,0,0,0.8643494,0,0,0,0
542,0,0,0,0,0,0,0,0.9882953,0,0
543,0,0,0,0,0,0.924944,0,0,0,0
544,0,0.2566633,0,0,0,0.72995937,0,0,0,0
545,0.033344112,0.033348646,0.033344314,0.03334253,0.03334633,0.033344395,0.033342082,0.03334527,0.03334876,0.6998936
546,0.0613236,0,0,0,0.934688,0,0,0,0,0
547,0.068179734,0,0.6704484,0,0,0,0,0,0.25730607,0
548,0.033357106,0.033358667,0.03335431,0.033355903,0.033357408,0.033358876,0.6997858,0.03335789,0.03335717,0.0333569
549,0.011126655,0.011126576,0.011127817,0.011126914,0.011126825,0.011127849,0.011127049,0.011126963,0.011127175,0.89985615
550,0.9951291,0,0,0,0,0,0,0,0,0
551,0,0,0,0,0.35544488,0.6406084,0,0,0,0
552,0.025110273,0.025105923,0.025113782,0.025112014,0.02510921,0.025107248,0.02510898,0.025106372,0.025119763,0.7740064
553,0,0,0,0,0,0,0,0,0,0.9965604
554,0,0,0,0,0,0,0,0,0.9306957,0
555,0.020020392,0.02001974,0.020019589,0.020018108,0.020019181,0.020018104,0.020018512,0.020018753,0.020018617,0.819829
556,0,0,0,0,0.15749638,0,0,0,0.8326001,0
557,0,0,0,0,0,0,0,0,0,0.99346876
558,0,0,0.74623555,0,0.24713898,0,0,0,0,0
559,0,0,0,0.7599296,0,0,0,0,0,0.23454498
560,0,0.9976773,0,0,0,0,0,0,0,0
561,0,0,0,0,0.838128,0,0,0,0,0.14955212
562,0,0,0,0,0,0,0,0,0.9931234,0
563,0,0,0,0,0.9947911,0,0,0,0,0
564,0.8506769,0,0.14640744,0,0,0,0,0,0,0
565,0.99382985,0,0,0,0,0,0,0,0,0
566,0,0,0,0,0.92488617,0,0,0,0,0
567,0,0,0.015868898,0,0.97827965,0,0,0,0,0
568,0,0,0.9506959,0.0216732,0,0,0,0,0.023194969,0
569,0,0,0.9944865,0,0,0,0,0,0,0
570,0,0,0,0.99436414,0,0,0,0,0,0
571,0,0,0,0.9944383,0,0,0,0,0,0
572,0,0,0,0,0.9920251,0,0,0,0,0
573,0,0,0,0,0,0,0.9922245,0,0,0
574,0.016693046,0.01669411,0.84976774,0.01669299,0.01669204,0.01669184,0.01669115,0.016692473,0.01669279,0.016691837
575,0,0,0,0,0.9937857,0,0,0,0,0
576,0,0,0,0,0,0,0.9470192,0,0,0
577,0.9959597,0,0,0,0,0,0,0,0,0
578,0,0,0,0,0,0.9795257,0,0,0,0
579,0.9571044,0,0,0,0,0,0,0,0,0
580,0,0,0,0,0,0.930677,0,0,0,0
581,0,0,0,0.9938282,0,0,0,0,0,0
582,0,0,0,0,0.2139897,0,0,0,0,0.78147924
583,0,0,0,0,0,0,0,0,0.99116445,0
584,0.012515709,0.012515341,0.012516167,0.012525428,0.012515742,0.012515888,0.8873474,0.012516261,0.012515633,0.012516465
585,0.014298102,0.87130815,0.014299526,0.01429861,0.014299221,0.014299558,0.014300481,0.01429876,0.014298866,0.014298703
586,0,0,0,0,0,0,0,0,0.9936871,0
587,0.011130791,0.011130835,0.0111312,0.01113071,0.011130782,0.011130563,0.011130775,0.011130796,0.011130545,0.899823
588,0.44779703,0,0,0,0.55005616,0,0,0,0,0
589,0,0,0,0,0,0.9181155,0,0,0,0
590,0,0,0,0,0,0,0,0,0.9399409,0
591,0,0,0,0,0.44159314,0,0.55030257,0,0,0
592,0,0.93565977,0,0,0,0,0,0,0,0
593,0,0,0.9953532,0,0,0,0,0,0,0
594,0,0,0,0,0.9949489,0,0,0,0,0
595,0,0,0,0,0,0,0,0,0,0.99070364
596,0.9925534,0,0,0,0,0,0,0,0,0
597,0,0,0,0.99306947,0,0,0,0,0,0
598,0.89984316,0,0,0,0,0,0,0,0.09348008,0
599,0,0,0.1524406,0,0.79407406,0,0,0,0,0
600,0,0,0,0.9869456,0,0,0,0,0,0
601,0,0,0,0,0.99312323,0,0,0,0,0
602,0,0,0.9944345,0,0,0,0,0,0,0
603,0.033383567,0.03338595,0.69955426,0.03338177,0.033383057,0.033382505,0.0333823,0.033382554,0.0333813,0.03338275
604,0,0,0,0.9249489,0,0,0,0,0,0
605,0,0,0,0,0,0,0,0,0,0.995683
606,0,0,0,0,0,0,0,0,0,0.9894028
607,0,0,0,0,0,0.94367594,0,0,0,0
608,0,0,0,0,0,0,0,0.92495847,0,0
609,0.010008548,0.010007508,0.9099269,0.010008133,0.010010125,0.010008123,0.010007756,0.010007598,0.010007841,0.01000752
610,0,0,0,0.15276064,0.4427713,0,0,0,0.40053007,0
611,0,0,0,0,0,0.9912531,0,0,0,0
612,0,0,0,0,0,0,0,0,0.924923,0
613,0.8873506,0.012516255,0.012516144,0.012516106,0.012517345,0.0125162145,0.012516081,0.0125169,0.012517174,0.012517112
614,0.10948592,0,0,0,0.88265866,0,0,0,0,0
615,0,0,0,0,0.6999595,0,0,0,0,0.29141617
616,0,0,0,0,0,0,0,0.9887442,0,0
617,0.7840394,0,0,0.028906938,0,0,0,0,0.18255761,0
618,0.020034097,0.020036101,0.020035407,0.020036288,0.020034723,0.020033935,0.020034099,0.020035489,0.020037336,0.8196825
619,0.22081326,0,0,0,0.77433157,0,0,0,0,0
620,0,0.4421488,0,0,0,0,0,0.55070037,0,0
621,0,0,0,0,0.060600642,0,0,0,0.9335458,0
622,0.047355883,0,0,0.5204421,0,0.42676663,0,0,0,0
623,0,0,0,0,0,0,0,0,0.98964393,0
624,0,0,0,0,0,0,0.7090653,0,0.28337684,0
625,0.025029141,0.025027469,0.025030166,0.025027085,0.025030788,0.025028575,0.025029177,0.02502893,0.025028117,0.7747406
626,0,0,0,0,0,0,0,0.9952301,0,0
627,0.98634934,0,0,0,0,0,0,0,0,0
628,0.016678859,0.84988976,0.016680392,0.01667804,0.016680242,0.016678553,0.016679045,0.016678467,0.016677754,0.016678918
629,0,0,0.11461836,0,0,0,0,0,0,0.88002706
630,0,0,0,0,0,0,0,0,0,0.9939137
631,0.012511053,0.5502576,0.012508672,0.012509115,0.012511246,0.012509564,0.012508939,0.01250967,0.012510294,0.34966382
632,0,0,0,0,0.99156934,0,0,0,0,0
633,0,0,0,0,0,0,0,0,0.9181119,0
634,0.21987627,0,0.30294055,0,0.042117476,0.0112090865,0,0.42205375,0,0
635,0.31028575,0,0,0,0.04251309,0.47168747,0,0,0.17115512,0
636,0,0,0,0,0,0,0,0,0.65563947,0.33824283
637,0.68188745,0,0,0,0,0,0,0,0.31039783,0
638,0,0,0,0,0.9939144,0,0,0,0,0
639,0.9934105,0,0,0,0,0,0,0,0,0
640,0,0,0.99236184,0,0,0,0,0,0,0
641,0.99229664,0,0,0,0,0,0,0,0,0
642,0.020022487,0.81978995,0.020022798,0.020022513,0.020023078,0.020021612,0.02002436,0.020022834,0.020024268,0.020026127
643,0.99165815,0,0,0,0,0,0,0,0,0
644,0,0,0,0.71954393,0,0,0,0,0,0.2719931
645,0,0,0,0,0,0,0,0,0.99164104,0
646,0.01668538,0.016684033,0.016685564,0.8498335,0.016685735,0.016684653,0.016685251,0.016684784,0.016685512,0.01668559
647,0.011123345,0.011122495,0.011123532,0.011123232,0.01112326,0.011124006,0.011122994,0.89988995,0.011123179,0.011123994
648,0,0,0,0,0,0,0,0.9937881,0,0
649,0,0.98844606,0,0,0,0,0,0,0,0
650,0.012521517,0.012520858,0.012526419,0.01252089,0.88730425,0.012521037,0.012521016,0.0125240395,0.012519881,0.012520124
651,0.7385382,0,0,0.09855544,0,0.15987061,0,0,0,0
652,0,0,0.98829687,0,0,0,0,0,0,0
653,0.014300174,0.0143005485,0.8712974,0.014300069,0.014303323,0.014298687,0.01429901,0.014301092,0.0142993545,0.014300324
654,0,0,0.99407315,0,0,0,0,0,0,0
655,0.63774663,0,0.35490656,0,0,0,0,0,0,0
656,0,0,0,0.9945673,0,0,0,0,0,0
657,0.010011608,0.010012346,0.9098915,0.010011928,0.010011743,0.010011947,0.010011687,0.010013487,0.0100119,0.010011891
658,0,0,0,0,0,0.9928497,0,0,0,0
659,0.014296253,0.0142939715,0.014295337,0.0142949065,0.014294732,0.014296606,0.87134296,0.014294781,0.01429614,0.014294289
660,0,0,0,0,0,0,0,0,0,0.981619
661,0,0.09831437,0,0,0.5762789,0,0,0,0,0.32205552
662,0,0,0.9940728,0,0,0,0,0,0,0
663,0.7401934,0,0,0,0,0.17613566,0,0,0,0.07917649
664,0,0,0,0,0.4136647,0,0.5777163,0,0,0
665,0,0,0,0,0,0.99040973,0,0,0,0
666,0.0143083865,0.014307349,0.014307714,0.014308629,0.014307687,0.014307457,0.014307654,0.01430756,0.014309878,0.8712277
667,0.9957047,0,0,0,0,0,0,0,0,0
668,0,0,0.949096,0,0,0,0,0,0,0.046836574
669,0,0,0,0,0.9963526,0,0,0,0,0
670,0.08681094,0,0,0,0,0,0.9075453,0,0,0
671,0.99241424,0,0,0,0,0,0,0,0,0
672,0,0,0.9923648,0,0,0,0,0,0,0
673,0.011122763,0.89990765,0.0111220945,0.011120721,0.0111222705,0.011121614,0.011120066,0.0111211995,0.01112027,0.011121318
674,0,0,0,0,0.99009734,0,0,0,0,0
675,0.8455404,0.14667974,0,0,0,0,0,0,0,0
676,0,0,0,0,0,0,0,0,0,0.99267393
677,0.011119832,0.011117292,0.89993405,0.011117985,0.011119363,0.011117888,0.011118485,0.011118145,0.011118581,0.011118318
678,0,0,0,0,0.08155459,0,0,0,0.90778035,0
679,0,0,0,0,0,0,0,0,0.99454117,0
680,0.4783899,0,0,0,0.3259138,0,0,0.1894902,0,0
681,0,0,0,0,0,0,0.07519689,0,0,0.9204467
682,0,0,0.34000367,0,0.65541804,0,0,0,0,0
683,0.43214628,0,0,0,0,0.15024804,0,0,0.4134577,0
684,0.93560755,0,0,0,0,0,0,0,0,0
685,0.17823935,0,0,0,0,0,0,0.80656487,0,0
686,0.012516665,0.0125188865,0.012516203,0.012516003,0.01251706,0.012516978,0.8873481,0.012515937,0.012515677,0.012518515
687,0.9099351,0.010006931,0.010007196,0.010007154,0.010007767,0.010007629,0.010007017,0.010007204,0.01000701,0.010007019
688,0,0,0,0,0,0.82860214,0,0.16286705,0,0
689,0.46723783,0,0,0.46559313,0,0.06420631,0,0,0,0
690,0,0,0.9525867,0,0,0,0,0,0,0
691,0.8938069,0,0,0,0,0,0,0,0.10007599,0
692,0,0.949955,0,0,0,0,0,0,0,0
693,0,0,0,0,0.6768452,0,0,0,0.31717327,0
694,0.41323707,0,0.030599453,0,0,0.5533563,0,0,0,0
695,0.016680887,0.016685348,0.016680408,0.016680367,0.016680932,0.016680177,0.84986925,0.016681088,0.016680786,0.016680714
696,0,0,0,0,0.3559512,0,0,0,0,0.6407799
697,0,0,0.9306938,0,0,0,0,0,0,0
698,0,0,0.9799822,0,0,0,0,0,0,0
699,0,0,0,0,0.9181151,0,0,0,0,0
700,0.011124369,0.011121744,0.011122781,0.8998951,0.011122884,0.011122869,0.011122533,0.011122611,0.011121905,0.01112321
701,0,0,0,0,0,0,0.9947922,0,0,0
702,0,0,0,0.994299,0,0,0,0,0,0
703,0,0,0,0,0,0,0,0,0.9941809,0
704,0,0,0,0,0,0,0,0,0.9932779,0
705,0.9934735,0,0,0,0,0,0,0,0,0
706,0.014299713,0.014298103,0.014298962,0.014300544,0.014299458,0.014299283,0.87130696,0.014299327,0.014298209,0.014299475
707,0,0,0,0,0,0,0.9867559,0,0,0
708,0,0,0.9912516,0,0,0,0,0,0,0
709,0.0334035,0.0334035,0.0334035,0.0334035,0.0334035,0.0334035,0.0334035,0.0334035,0.0334035,0.6993685
710,0,0,0,0,0.9951835,0,0,0,0,0
711,0,0,0,0,0,0,0.9922259,0,0,0
712,0.27402768,0,0.7214639,0,0,0,0,0,0,0
713,0,0,0,0,0.30365214,0,0,0,0.68536294,0
714,0.97690666,0,0,0,0,0,0,0,0,0
715,0,0,0,0,0,0,0.9946704,0,0,0
716,0.69987535,0.033342496,0.033348545,0.03334413,0.03334863,0.03334741,0.03334729,0.03335036,0.033345688,0.03335008
717,0,0,0,0,0,0,0.91806895,0,0,0
718,0,0,0,0.20227139,0,0,0,0,0,0.79317194
719,0,0,0,0,0,0,0.9888816,0,0,0
720,0.112136655,0,0,0,0.88406605,0,0,0,0,0
721,0.849801,0.016687693,0.016689232,0.01668782,0.016690578,0.016687943,0.01668822,0.016689297,0.016688706,0.016689476
722,0,0,0,0.8852016,0,0,0,0,0.110584624,0
723,0,0,0,0,0,0.9917349,0,0,0,0
724,0,0,0.9356617,0,0,0,0,0,0,0
725,0.020021874,0.020027561,0.81979096,0.020021733,0.020023141,0.020022992,0.020021776,0.020022118,0.02002213,0.020025697
726,0.012506965,0.012506651,0.012506653,0.012507183,0.012508153,0.012506563,0.01250909,0.88743323,0.012507864,0.012507649
727,0,0,0,0,0,0.9923631,0,0,0,0
728,0,0,0,0,0.93056715,0,0,0,0,0
729,0,0,0,0,0,0,0.9876462,0,0,0
730,0,0,0,0,0,0,0,0.9181258,0,0
731,0,0,0,0,0.4662106,0,0,0,0.524677,0
732,0,0,0,0,0.93565214,0,0,0,0,0
733,0.012509273,0.01250747,0.012508844,0.0125090545,0.012507885,0.88742477,0.012508039,0.012508051,0.012508791,0.012507838
734,0,0,0.99301857,0,0,0,0,0,0,0
735,0.010009136,0.010008287,0.010009323,0.01001161,0.010009274,0.9099139,0.010009196,0.010009266,0.010009521,0.01001049
736,0.0333631,0.033357956,0.03335877,0.033358566,0.03336048,0.033359542,0.03335852,0.033357978,0.033360433,0.6997646
737,0,0,0,0,0,0,0,0,0,0.99010223
738,0.9952758,0,0,0,0,0,0,0,0,0
739,0,0,0,0,0,0,0,0.9920959,0,0
740,0,0,0,0,0,0,0,0,0.9923491,0
741,0,0,0.99080443,0,0,0,0,0,0,0
742,0,0,0,0,0,0,0,0,0,0.99332255
743,0,0.91814864,0,0,0,0,0,0,0,0
744,0,0,0,0.9936506,0,0,0,0,0,0
745,0.94105345,0,0.048248418,0,0,0,0,0,0,0
746,0,0,0,0,0,0,0,0.9897613,0,0
747,0,0,0,0,0,0,0,0.97855234,0,0
748,0,0,0,0,0,0,0,0,0.9952833,0
749,0,0,0,0,0,0,0,0.610497,0,0.38535133
750,0,0,0.3197736,0,0,0.6735485,0,0,0,0
751,0,0,0,0,0,0,0.99418575,0,0,0
752,0,0,0,0,0,0,0,0,0,0.93994874
753,0.25006074,0,0,0.14753495,0.16854744,0,0,0,0.3900595,0.038296983
754,0.033373058,0.69964,0.03337545,0.033373073,0.033373058,0.033373058,0.033373058,0.033373076,0.033373114,0.033373058
755,0.9961131,0,0,0,0,0,0,0,0,0
756,0,0.9470021,0,0,0,0,0,0,0,0
757,0.99173695,0,0,0,0,0,0,0,0,0
758,0,0,0,0,0,0,0,0,0,0.99321723
759,0.6144555,0,0,0,0,0,0.38030523,0,0,0
760,0,0,0,0,0.63377225,0,0,0,0,0.29334697
761,0.39015305,0,0,0.351509,0,0.2532463,0,0,0,0
762,0,0,0.021421978,0,0,0,0,0,0.971604,0
763,0,0,0,0,0,0,0,0,0.9939485,0
764,0,0,0,0.9924867,0,0,0,0,0,0
765,0,0,0.99350905,0,0,0,0,0,0,0
766,0.55184966,0,0,0,0,0,0.4452354,0,0,0
767,0,0,0,0,0,0,0,0.99351734,0,0
768,0,0,0.36576855,0,0.31167063,0,0,0,0.3163921,0
769,0,0,0,0,0.99395525,0,0,0,0,0
770,0,0,0.42990115,0.49742547,0.069918886,0,0,0,0,0
771,0,0,0,0,0.94762903,0,0,0,0.049790405,0
772,0,0,0,0,0.99080783,0,0,0,0,0
773,0.5486164,0.050153736,0.050153732,0.050153732,0.050153732,0.050153732,0.050153732,0.050153732,0.050153732,0.050153732
774,0,0,0.6627383,0,0.08034709,0,0,0,0,0.25297186
775,0,0,0,0,0.93561983,0,0,0,0,0
776,0.6673607,0,0,0.31628808,0,0,0,0,0,0
777,0.014294845,0.01429279,0.8713488,0.0142949335,0.01429581,0.014294116,0.0142950425,0.014295353,0.014293552,0.014294716
778,0,0,0.5686928,0,0,0,0,0,0,0.425046
779,0,0,0.059370715,0,0,0.9367758,0,0,0,0
780,0,0,0,0,0,0,0.71462625,0,0,0.27781242
781,0.6447609,0,0,0,0,0,0,0,0,0.3515961
782,0.010011646,0.010011596,0.010011905,0.010011527,0.90989405,0.010013668,0.010011288,0.010011061,0.010011252,0.010012009
783,0,0,0,0,0,0,0,0.9499656,0,0
784,0,0,0,0,0,0.37350816,0,0,0,0.55370444
785,0.016678205,0.016678065,0.016678372,0.016680017,0.016678369,0.0166791,0.016679185,0.016679011,0.84989136,0.01667829
786,0,0,0.9910556,0,0,0,0,0,0,0
787,0,0,0,0,0,0,0,0,0.99332654,0
788,0,0,0,0,0,0,0.99360996,0,0,0
789,0,0,0,0.91808856,0,0,0,0,0,0
790,0,0,0,0,0.9918771,0,0,0,0,0
791,0,0,0.9917329,0,0,0,0,0,0,0
792,0.9883343,0,0,0,0,0,0,0,0,0
793,0,0,0,0,0,0,0,0.9945403,0,0
794,0.97350293,0,0,0,0,0,0,0,0,0
795,0.011123596,0.011123654,0.011123588,0.011123276,0.89988565,0.011123915,0.011123582,0.011123828,0.011123921,0.011124995
796,0.9912499,0,0,0,0,0,0,0,0,0
797,0.87121403,0.014308976,0.014309681,0.0143090505,0.014309521,0.014309837,0.014310633,0.014309212,0.014309823,0.014309233
798,0,0,0,0,0,0,0,0,0.93565035,0
799,0,0,0.6145109,0.06662323,0.16544859,0,0,0,0.14943871,0
800,0.0369385,0,0,0,0,0,0,0,0.9537481,0
801,0,0,0,0,0,0,0.98969966,0,0,0
802,0,0.993473,0,0,0,0,0,0,0,0
803,0,0,0,0,0,0,0,0,0,0.93072397
804,0.2952934,0,0,0,0,0.69707316,0,0,0,0
805,0,0,0,0,0,0,0,0,0.9957293,0
806,0,0,0,0,0.07844888,0.9156497,0,0,0,0
807,0,0,0,0.9499652,0,0,0,0,0,0
808,0,0,0,0,0,0,0.9937401,0,0,0
809,0,0,0,0.992298,0,0,0,0,0,0
810,0.24294502,0,0.14522338,0,0,0,0,0.6055202,0,0
811,0,0,0,0.9957102,0,0,0,0,0,0
812,0,0,0,0.61070174,0.14960305,0,0,0.13363911,0.10112379,0
813,0,0,0,0,0.9960814,0,0,0,0,0
814,0,0,0.9952781,0,0,0,0,0,0,0
815,0.5233333,0,0,0,0.465003,0,0,0,0,0
816,0,0,0,0,0,0.98799014,0,0,0,0
817,0.34864244,0,0,0.08459522,0.47035423,0,0.0932883,0,0,0
818,0,0,0,0,0.5358895,0,0,0,0,0.4562552
819,0,0,0,0,0,0,0,0.117143124,0,0.87829846
820,0,0,0,0,0,0,0,0.9905066,0,0
821,0,0.9940688,0,0,0,0,0,0,0,0
822,0.025026442,0.025025325,0.7747608,0.025028259,0.025026703,0.025026148,0.025025945,0.02502607,0.025027404,0.025026927
823,0.016691566,0.016689308,0.016691709,0.016690465,0.016691342,0.016696269,0.016690388,0.016690776,0.016691834,0.8497763
824,0,0,0,0.05560583,0,0,0,0,0.9383199,0
825,0,0,0,0,0,0,0,0.9937449,0,0
826,0,0,0,0,0,0,0.991662,0,0,0
827,0,0,0,0,0,0,0,0.9946944,0,0
828,0.15376703,0,0,0,0.23671356,0,0.6065225,0,0,0
829,0,0,0,0,0,0,0.7107323,0,0.28204414,0
830,0.02503271,0.025031308,0.7746946,0.025034672,0.025035003,0.025036765,0.025033852,0.025037428,0.025032315,0.025031328
831,0,0,0,0,0,0,0,0.990619,0,0
832,0,0,0,0,0.97953236,0,0,0,0,0
833,0,0,0.34756964,0,0,0,0,0,0.64456004,0
834,0,0,0,0,0.99382526,0,0,0,0,0
835,0,0.42616692,0,0,0,0,0,0,0.56818944,0
836,0,0,0,0,0,0,0,0,0,0.9912415
837,0.011121992,0.011122862,0.011124084,0.011122687,0.01112253,0.011122395,0.011122567,0.8998957,0.011122851,0.011122278
838,0.5111757,0,0,0,0,0.3615706,0,0,0,0.12391383
839,0,0,0,0,0.88807356,0.10523619,0,0,0,0
840,0.012514368,0.012513503,0.012514926,0.012513969,0.012514156,0.012514482,0.012514127,0.012513862,0.8873723,0.0125143
841,0,0,0.9180276,0,0,0,0,0,0,0
842,0,0,0,0,0,0.7792656,0,0,0.21421075,0
843,0,0,0.9977907,0,0,0,0,0,0,0
844,0.58940715,0,0,0,0,0,0,0,0,0.40614197
845,0.28580457,0,0,0,0,0,0,0,0.7094782,0
846,0.014300945,0.014298309,0.0142997755,0.0142996395,0.014301145,0.0142995985,0.014301175,0.014298769,0.014299977,0.8713007
847,0,0,0,0,0,0.99195457,0,0,0,0
848,0.012516686,0.012510951,0.8873907,0.012512254,0.012512795,0.012510952,0.0125112515,0.012511278,0.012511437,0.012511742
849,0.6989081,0,0,0.29079133,0,0,0,0,0,0
850,0,0,0,0.06264763,0,0,0.9325535,0,0,0
851,0.020036748,0.020032344,0.8196812,0.020035043,0.020035794,0.020033058,0.020031882,0.02003171,0.02003844,0.020043723
852,0,0,0,0,0,0.18353477,0,0,0,0.8100511
853,0,0,0,0,0.99391115,0,0,0,0,0
854,0.014300353,0.014298837,0.014299115,0.014301329,0.87130874,0.014297952,0.0142980395,0.014297309,0.014299906,0.0142984325
855,0.7745704,0.025046848,0.025047608,0.025048407,0.025047114,0.025049303,0.025047282,0.025048038,0.025047086,0.025047887
856,0,0,0.991562,0,0,0,0,0,0,0
857,0,0,0.0866579,0,0,0,0.4097151,0,0.49762824,0
858,0,0,0,0,0.9356285,0,0,0,0,0
859,0.014293288,0.014293116,0.87135816,0.014293083,0.014294477,0.014293179,0.0142946355,0.01429275,0.014293693,0.014293648
860,0,0,0,0,0,0,0,0,0,0.99411064
861,0,0,0,0.1206631,0,0,0.87502354,0,0,0
862,0,0,0,0.9956701,0,0,0,0,0,0
863,0,0,0.63771206,0,0,0,0,0,0,0.3568019
864,0.011121575,0.011120286,0.011122339,0.011121053,0.011122483,0.011120846,0.0111210765,0.011120978,0.8999077,0.011121651
865,0,0,0,0,0,0,0,0.05627622,0.93877274,0
866,0,0,0,0,0,0.9961182,0,0,0,0
867,0,0,0,0,0,0,0,0,0.99165416,0
868,0.99525946,0,0,0,0,0,0,0,0,0
869,0.9863403,0,0,0,0,0,0,0,0,0
870,0.68614596,0,0,0,0,0,0.31076154,0,0,0
871,0.010012344,0.010011546,0.909888,0.010012583,0.01001319,0.0100128725,0.010012945,0.010011881,0.0100124255,0.010012144
872,0.050120145,0.05012015,0.050120145,0.5488863,0.050120145,0.050120145,0.050120145,0.050120145,0.050120145,0.050152585
873,0,0,0,0,0,0.4769929,0.513578,0,0,0
874,0,0,0.96892667,0,0,0,0,0,0,0
875,0.9869493,0,0,0,0,0,0,0,0,0
876,0,0,0,0,0,0.99535626,0,0,0,0
877,0,0,0,0,0,0,0.024718853,0,0,0.9708581
878,0,0,0,0,0,0.9931173,0,0,0,0
879,0,0,0,0,0,0,0,0,0.9934158,0
880,0,0,0,0,0,0.94576746,0,0,0,0.04469179
881,0,0,0.39237496,0,0.6023054,0,0,0,0,0
882,0.9929051,0,0,0,0,0,0,0,0,0
883,0,0,0,0,0,0,0,0,0.15390565,0.8422407
884,0.033392407,0.033392407,0.03339639,0.033392407,0.033392407,0.69945747,0.033392407,0.03339925,0.033392407,0.033392407
885,0,0,0,0,0,0,0.9965754,0,0,0
886,0.87126094,0.014304035,0.014304992,0.01430385,0.01430442,0.014304546,0.014304521,0.014304418,0.014304091,0.014304133
887,0,0.91814864,0,0,0,0,0,0,0,0
888,0,0,0,0,0,0,0.99595565,0,0,0
889,0,0,0,0,0,0,0.98634666,0,0,0
890,0,0,0,0,0.99624586,0,0,0,0,0
891,0,0,0.59816706,0,0,0.03226096,0.36585978,0,0,0
892,0,0,0,0,0,0,0,0.9865536,0,0
893,0.0143081155,0.0143104745,0.014310014,0.01430861,0.87121475,0.014314797,0.014308077,0.014307679,0.014307457,0.014310044
894,0,0,0.6162805,0,0,0,0,0,0.37815058,0
895,0.95256275,0,0,0,0,0,0,0,0,0
896,0,0,0.9888276,0,0,0,0,0,0,0
897,0,0,0,0,0.9861365,0,0,0,0,0
898,0,0.9181363,0,0,0,0,0,0,0,0
899,0,0,0,0,0.9886382,0,0,0,0,0
900,0,0,0,0,0,0,0,0,0.70117354,0.29302287
901,0.011120227,0.01111947,0.89991945,0.011121056,0.011120553,0.011119923,0.011120087,0.0111197755,0.01111985,0.011119623
902,0,0,0.99149925,0,0,0,0,0,0,0
903,0.011120189,0.8999225,0.011119659,0.011119917,0.011119635,0.011121464,0.01111925,0.011119048,0.011118793,0.011119558
904,0,0,0,0,0,0,0,0,0.9774773,0
905,0.01668197,0.01668061,0.84986997,0.01667984,0.016682183,0.016680278,0.016681712,0.016680708,0.01668178,0.016680999
906,0,0,0,0.9819873,0,0,0,0,0,0
907,0,0,0.91809326,0,0,0,0,0,0,0
908,0.020019159,0.020020004,0.020019189,0.020016328,0.020020384,0.8198312,0.020018283,0.020016726,0.020017691,0.020021047
909,0,0,0,0,0,0,0,0,0,0.99365634
910,0,0,0,0.9823313,0,0,0,0,0,0
911,0.016692633,0.016691945,0.8497616,0.016691893,0.016693626,0.016693315,0.016693119,0.016692907,0.016693676,0.016695255
912,0.56398153,0,0.13021676,0,0,0,0.04859016,0,0.2527645,0
913,0.016694669,0.016694937,0.84974843,0.016693946,0.016694037,0.016695043,0.01669475,0.016694492,0.016694997,0.016694678
914,0.012516621,0.0125209335,0.012516599,0.01251653,0.012518027,0.012516162,0.012515413,0.012516067,0.88734454,0.012519109
915,0,0,0,0,0,0.93994284,0,0,0,0
916,0.012509087,0.012507571,0.8874257,0.012509275,0.01250896,0.012507675,0.012507796,0.012507616,0.012508222,0.012508059
917,0.9940741,0,0,0,0,0,0,0,0,0
918,0,0,0,0,0.98798025,0,0,0,0,0
919,0.99542636,0,0,0,0,0,0,0,0,0
920,0,0,0.9852294,0,0,0,0,0,0,0
921,0,0,0,0,0.78264564,0,0,0,0,0.21266872
922,0.079723924,0.91463596,0,0,0,0,0,0,0,0
923,0,0,0,0,0.99418694,0,0,0,0,0
924,0,0,0,0,0.7551917,0,0,0,0,0.23826797
925,0.04132203,0,0,0,0,0.9531813,0,0,0,0
926,0.9666504,0,0,0,0,0,0,0,0.028107986,0
927,0,0,0.0144826155,0,0.9806334,0,0,0,0,0
928,0.5579485,0,0.43716967,0,0,0,0,0,0,0
929,0.32843038,0,0,0,0,0.6648381,0,0,0,0
930,0,0,0,0,0.9951502,0,0,0,0,0
931,0,0,0,0,0,0,0.98634875,0,0,0
932,0,0,0,0.94995475,0,0,0,0,0,0
933,0,0,0,0,0,0,0,0,0,0.98829687
934,0,0,0,0,0.9936975,0,0,0,0,0
935,0,0,0.0337069,0.6674867,0,0,0,0,0,0.29333088
936,0.53809994,0,0,0.028222917,0.43017244,0,0,0,0,0
937,0,0,0.9979487,0,0,0,0,0,0,0
938,0,0,0.9940295,0,0,0,0,0,0,0
939,0.7522138,0,0,0.111273736,0,0,0,0,0,0.13170347
940,0.020016834,0.020011757,0.02001482,0.020013921,0.020014228,0.020013373,0.020013114,0.8198763,0.02001235,0.02001329
941,0,0,0.46189108,0.30401325,0,0,0.22957435,0,0,0
942,0.1,0.1,0.1,0.1,0.1,0.1,0.1,0.1,0.1,0.1
943,0.014535559,0,0,0.73384225,0.12659493,0,0.120963804,0,0,0
944,0.98694944,0,0,0,0,0,0,0,0,0
945,0,0,0,0,0,0,0,0,0,0.9799716
946,0,0,0,0.7656516,0,0,0,0,0,0.22934033
947,0,0,0,0.9859257,0,0,0,0,0,0
948,0,0,0,0,0,0,0,0.9718518,0,0
949,0.020027773,0.020026604,0.020028474,0.020026993,0.020027574,0.81975406,0.02002724,0.02002707,0.020026784,0.020027446
950,0,0,0.91810876,0,0,0,0,0,0,0
951,0,0,0.26184866,0.7332091,0,0,0,0,0,0
952,0,0,0,0.99378777,0,0,0,0,0,0
953,0,0.9954396,0,0,0,0,0,0,0,0
954,0.92493194,0,0,0,0,0,0,0,0,0
955,0,0,0,0,0.99476224,0,0,0,0,0
956,0.011122671,0.89989537,0.011122969,0.011122967,0.01112298,0.011122425,0.011122866,0.011122389,0.011122732,0.011122586
957,0,0,0,0,0.99148816,0,0,0,0,0
958,0.010011013,0.010010344,0.9098949,0.010010972,0.010014897,0.010012031,0.010011077,0.010011493,0.010012299,0.010011013
959,0.819829,0.0200171,0.020018093,0.02002111,0.020019902,0.020018524,0.020019665,0.020017266,0.020020686,0.020018691
960,0,0,0,0,0,0,0.97905874,0,0,0
961,0,0,0,0,0,0.10536877,0,0,0,0.8824543
962,0,0,0.9944021,0,0,0,0,0,0,0
963,0.010011885,0.0100107305,0.9098925,0.010011298,0.010011492,0.010015244,0.010011432,0.010012503,0.010011296,0.010011651
964,0.010009813,0.010009355,0.90991205,0.010010111,0.010011266,0.010009268,0.010010054,0.010009485,0.010009071,0.010009537
965,0.88735026,0.012515692,0.012517319,0.012519138,0.012516283,0.012516027,0.012516433,0.012516093,0.012516063,0.012516732
966,0,0,0,0,0.9931118,0,0,0,0,0
967,0.01001056,0.010009668,0.90991026,0.010010068,0.010010095,0.01000988,0.010009905,0.010010094,0.0100096455,0.010009846
968,0.46531612,0,0,0,0,0,0.41366848,0,0,0.11628131
969,0.0125109125,0.012509662,0.88739717,0.01251158,0.012514181,0.012512267,0.012511043,0.012510902,0.0125117125,0.012510595
970,0,0,0,0,0,0,0,0.9937417,0,0
971,0,0.11460923,0,0,0,0,0,0.87982786,0,0
972,0,0.9902035,0,0,0,0,0,0,0,0
973,0,0,0,0,0.99513036,0,0,0,0,0
974,0,0,0,0,0.9917318,0,0,0,0,0
975,0,0.11867047,0,0,0.8774708,0,0,0,0,0
976,0.17896624,0,0,0.8163972,0,0,0,0,0,0
977,0,0,0,0,0.9885917,0,0,0,0,0
978,0,0,0.9844649,0,0,0,0,0,0,0
979,0.38813752,0.2196036,0,0,0,0,0,0,0.38702896,0
980,0,0,0,0,0.91808254,0,0,0,0,0
981,0,0,0.89964604,0,0,0,0.09907498,0,0,0
982,0,0,0,0,0,0.99347395,0,0,0,0
983,0.9725433,0,0.022356482,0,0,0,0,0,0,0
984,0,0,0,0,0,0,0.9960268,0,0,0
985,0,0.95259947,0,0,0,0,0,0,0,0
986,0,0,0,0,0.64578,0,0,0,0,0.3486185
987,0,0.6436902,0,0.32290456,0,0,0,0,0,0
988,0,0,0,0,0,0,0.27252656,0,0.7208489,0
989,0,0,0.92489976,0,0,0,0,0,0,0
990,0.010009211,0.9099151,0.010009753,0.010008832,0.010009315,0.010009678,0.010009535,0.0100096455,0.0100096,0.0100092795
991,0,0,0,0,0,0,0,0,0.9249118,0
992,0.6369339,0.09115023,0,0.26735538,0,0,0,0,0,0
993,0,0,0,0,0,0,0,0,0.99457324,0
994,0,0,0,0,0,0,0,0.99278957,0,0
995,0,0,0,0,0.18916917,0.7996786,0,0,0,0
996,0,0.9216646,0,0,0,0,0,0.072731234,0,0
997,0,0,0,0,0,0,0,0,0.6926111,0.3023952
998,0,0,0,0,0,0,0,0,0.99493784,0
999,0,0,0.27090517,0,0,0,0.5753439,0,0.15017971,0
